Name,Order id,Upi id,Amount,Date and Time,Course name,Course ID,Email address,transaction id of upi,Payment Status,Mobile
Gautam Chaurasiya,SKS-2026-00001,8390217169-1@nyes,1000,"19 Jul 2026, 03:34 AM",Typing Mastery,TM-104,gautam.chaurasiya125@gmail.com,620003238177,verified,+91 83629 50628
Randeep Singh,SKS-2026-00002,8390217169-1@nyes,1300,"19 Jul 2026, 04:00 AM",Typing Mastery,TM-104,randeep.singh242@gmail.com,957170612717,verified,+91 68266 00539
Jaswant,SKS-2026-00003,8390217169-1@nyes,200,"19 Jul 2026, 07:40 AM",Typing Mastery,TM-104,jaswant704@gmail.com,310685741772,verified,+91 91341 26396
Km Vandana,SKS-2026-00004,8390217169-1@nyes,1000,"19 Jul 2026, 06:32 PM",Typing Mastery,TM-104,km.vandana195@gmail.com,310725590925,verified,+91 73498 17734
Sagar Prakashbhai Purohit,SKS-2026-00005,8390217169-1@nyes,5000,"19 Jul 2026, 06:32 PM",Python for Data Analytics & Automation,PA-303,sagar.purohit716@gmail.com,310725549267,verified,+91 67026 32297
Hanif Ahmed Choudhury,SKS-2026-00006,8390217169-1@nyes,500,"19 Jul 2026, 06:33 PM",Typing Mastery,TM-104,hanif.choudhury833@gmail.com,506478917369,verified,+91 93366 96312
Barun Kumar Singh,SKS-2026-00007,8390217169-1@nyes,1000,"20 Jul 2026, 12:25 AM",Typing Mastery,TM-104,barun.singh703@gmail.com,610658194497,verified,+91 89691 19330
Abdulkhader,SKS-2026-00008,8390217169-1@nyes,19999,"20 Jul 2026, 10:46 PM",Full-Stack Web Development & AI Diploma,FS-501,abdulkhader877@gmail.com,620116636863,verified,+91 78496 21470
Bheema Mahesh Babu,SKS-2026-00009,8390217169-1@nyes,10000,"20 Jul 2026, 10:46 PM",Digital Marketing & Growth Mastery,DG-402,bheema.babu448@gmail.com,310809970993,verified,+91 82669 44844
Prasanjit Datta,SKS-2026-00010,8390217169-1@nyes,10000,"20 Jul 2026, 10:47 PM",Digital Marketing & Growth Mastery,DG-402,prasanjit.datta881@gmail.com,656766556337,verified,+91 82097 47451
Amirud Jaman Basunia,SKS-2026-00011,8390217169-1@nyes,10000,"20 Jul 2026, 10:52 PM",Digital Marketing & Growth Mastery,DG-402,amirud.basunia489@gmail.com,616731926852,verified,+91 64854 51171
Santosh Kumar,SKS-2026-00012,8390217169-1@nyes,15000,"20 Jul 2026, 10:55 PM",Digital Marketing & Growth Mastery,DG-402,santosh.kumar718@gmail.com,310810231793,verified,+91 89666 47391
Arshad,SKS-2026-00013,8390217169-1@nyes,8500,"21 Jul 2026, 07:10 AM",MS Office Complete Course,MO-401,arshad847@gmail.com,485516566637,verified,+91 96757 70529
Akhil Kumar Sen,SKS-2026-00014,8390217169-1@nyes,4500,"21 Jul 2026, 01:40 PM",Advanced Excel,AE-301,akhil.sen487@gmail.com,322161959856,verified,+91 66927 49116
Chetan Rajendra Patil,SKS-2026-00015,8390217169-1@nyes,5000,"21 Jul 2026, 02:50 PM",Python Basics,PY-201,chetan.patil949@gmail.com,656813340277,verified,+91 87199 27151
Jitin Bairwa,SKS-2026-00016,8390217169-1@nyes,800,"22 Jul 2026, 01:22 PM",Typing Mastery,TM-104,jitin.bairwa821@gmail.com,071932010457,verified,+91 61492 03558
Jadavani Milan Nitinkumar,SKS-2026-00017,8390217169-1@nyes,6300,"25 Jul 2026, 03:42 PM",MS Office Complete Course,MO-401,jadavani.nitinkumar891@gmail.com,610969667979,verified,+91 81856 75980
Arbab Uzzaman Khan,SKS-2026-00018,8390217169-1@nyes,4500,"25 Jul 2026, 03:57 PM",Advanced Excel,AE-301,arbab.khan987@gmail.com,532130938378,verified,+91 65081 57429
Louis Enterprises,SKS-2026-00019,8390217169-1@nyes,20000,"25 Jul 2026, 04:08 PM",Full-Stack Web Development & AI Diploma,FS-501,louis.enterprises564@gmail.com,311092113244,verified,+91 82746 48506
Sapna Bharti,SKS-2026-00020,8390217169-1@nyes,10000,"25 Jul 2026, 04:09 PM",Digital Marketing & Growth Mastery,DG-402,sapna.bharti463@gmail.com,942837657450,verified,+91 78195 95113
Vanajakumari,SKS-2026-00021,8390217169-1@nyes,4000,"25 Jul 2026, 04:22 PM",Graphic Designing Basics,GD-202,vanajakumari818@gmail.com,198212501282,verified,+91 67540 49436
Badabhagni Konajanardhan Raju,SKS-2026-00022,8390217169-1@nyes,10000,"25 Jul 2026, 04:28 PM",Digital Marketing & Growth Mastery,DG-402,badabhagni.raju646@gmail.com,460817437958,verified,+91 72754 52091
Saurav Kumar,SKS-2026-00023,8390217169-1@nyes,10000,"25 Jul 2026, 04:28 PM",Digital Marketing & Growth Mastery,DG-402,saurav.kumar488@gmail.com,086071973443,verified,+91 87871 94506
Muhammad Sufiyan H,SKS-2026-00024,8390217169-1@nyes,3500,"25 Jul 2026, 04:28 PM",HTML & CSS Basics,HC-201,muhammad.h801@gmail.com,657228723317,verified,+91 89249 70419
Mohsin Enterprises,SKS-2026-00025,8390217169-1@nyes,10000,"25 Jul 2026, 04:29 PM",Digital Marketing & Growth Mastery,DG-402,mohsin.enterprises334@gmail.com,139781885464,verified,+91 69644 11347
Yogender Sharma,SKS-2026-00026,8390217169-1@nyes,4500,"25 Jul 2026, 05:08 PM",Graphic Designing Basics,GD-202,yogender.sharma510@gmail.com,620645291940,verified,+91 81710 69472
V Chittibabu,SKS-2026-00027,8390217169-1@nyes,2000,"25 Jul 2026, 05:09 PM",Microsoft Word,MW-105,v.chittibabu680@gmail.com,495413886045,verified,+91 83283 06011
V Chittibabu,SKS-2026-00028,8390217169-1@nyes,500,"25 Jul 2026, 05:16 PM",Typing Mastery,TM-104,v.chittibabu505@gmail.com,386320931717,verified,+91 92534 07200
T Thirumala,SKS-2026-00029,8390217169-1@nyes,3500,"25 Jul 2026, 05:32 PM",Tally Basics,TB-203,t.thirumala242@gmail.com,750066504106,verified,+91 78999 25830
D V R,SKS-2026-00030,8390217169-1@nyes,3500,"25 Jul 2026, 05:57 PM",Tally Basics,TB-203,d.r864@gmail.com,620617793776,verified,+91 97265 63708
Kiran Mallik,SKS-2026-00031,8390217169-1@nyes,1000,"25 Jul 2026, 06:37 PM",Typing Mastery,TM-104,kiran.mallik470@gmail.com,311102629316,verified,+91 72485 32577
Kaushik Prasher,SKS-2026-00032,8390217169-1@nyes,1000,"25 Jul 2026, 06:38 PM",Typing Mastery,TM-104,kaushik.prasher193@gmail.com,311102722651,verified,+91 62177 34861
Ram Dheeraj,SKS-2026-00033,8390217169-1@nyes,1000,"25 Jul 2026, 06:38 PM",Typing Mastery,TM-104,ram.dheeraj742@gmail.com,305473148303,verified,+91 79504 88739
Pooja,SKS-2026-00034,8390217169-1@nyes,1500,"26 Jul 2026, 12:26 AM",Internet & Email Basics,IE-103,pooja710@gmail.com,620756521716,verified,+91 65131 40753
Abin E P,SKS-2026-00035,8390217169-1@nyes,1200,"26 Jul 2026, 01:19 AM",Typing Mastery,TM-104,abin.p710@gmail.com,620774075404,verified,+91 96681 32202
Rahul Balmike,SKS-2026-00036,8390217169-1@nyes,2000,"30 Jul 2026, 01:06 PM",Microsoft PowerPoint,MP-107,rahul.balmike666@gmail.com,462955475219,verified,+91 68304 48745
Ashwinkumar Prakash Vise,SKS-2026-00037,8390217169-1@nyes,1900,"30 Jul 2026, 01:06 PM",Internet & Email Basics,IE-103,ashwinkumar.vise798@gmail.com,489331524013,verified,+91 89252 76600
Ranjit Sinha,SKS-2026-00038,8390217169-1@nyes,50000,"30 Jul 2026, 01:15 PM",Full-Stack Web Development & AI Diploma,FS-501,ranjit.sinha214@gmail.com,611252749555,verified,+91 85668 25638
Ritesh Anand,SKS-2026-00039,8390217169-1@nyes,23000,"30 Jul 2026, 04:00 PM",Full-Stack Web Development & AI Diploma,FS-501,ritesh.anand564@gmail.com,203458396133,verified,+91 68753 40444
Rapaka Sunny Vijay Krishna,SKS-2026-00040,8390217169-1@nyes,4500,"01 Aug 2026, 10:25 AM",Digital Marketing Basics,DM-205,rapaka.krishna369@gmail.com,275577678995,verified,+91 76451 19047
Sunilkumar,SKS-2026-00041,8390217169-1@nyes,5000,"01 Aug 2026, 10:28 AM",Web Designing Basics,WD-302,sunilkumar991@gmail.com,621382125225,verified,+91 87860 66793
Nihal Singh,SKS-2026-00042,8390217169-1@nyes,1400,"01 Aug 2026, 10:34 AM",Typing Mastery,TM-104,nihal.singh256@gmail.com,621302568088,verified,+91 89187 39736
Vishnu Prajapat,SKS-2026-00043,8390217169-1@nyes,2000,"01 Aug 2026, 10:58 AM",Microsoft Word,MW-105,vishnu.prajapat652@gmail.com,519482048633,verified,+91 67431 11853
Kannan Sitheswaran,SKS-2026-00044,8390217169-1@nyes,1800,"01 Aug 2026, 10:59 AM",Internet & Email Basics,IE-103,kannan.sitheswaran600@gmail.com,234670594590,verified,+91 62201 17054
Murali Gari Balu,SKS-2026-00045,8390217169-1@nyes,3500,"01 Aug 2026, 11:18 AM",Tally Basics,TB-203,murali.balu999@gmail.com,895685710606,verified,+91 83571 09965
Saumya Srivastava,SKS-2026-00046,8390217169-1@nyes,2700,"01 Aug 2026, 11:42 AM",Basic Computer Course,BCC-102,saumya.srivastava346@gmail.com,509243225498,verified,+91 61919 69690
Pradumna Shamsundar Patil,SKS-2026-00047,8390217169-1@nyes,5000,"01 Aug 2026, 04:07 PM",Python for Data Analytics & Automation,PA-303,pradumna.patil597@gmail.com,212147943426,verified,+91 69166 90353
Deepak Chandna,SKS-2026-00048,8390217169-1@nyes,2500,"01 Aug 2026, 04:11 PM",Microsoft Excel,ME-106,deepak.chandna231@gmail.com,311542415703,verified,+91 96903 47116
Deepak Chandna,SKS-2026-00049,8390217169-1@nyes,22500,"01 Aug 2026, 04:12 PM",Full-Stack Web Development & AI Diploma,FS-501,deepak.chandna371@gmail.com,311542447536,verified,+91 93274 16584
Kanubhai Vinodbhai Rana,SKS-2026-00050,8390217169-1@nyes,4000,"01 Aug 2026, 05:12 PM",Digital Marketing Basics,DM-205,kanubhai.rana873@gmail.com,657956395269,verified,+91 78655 23129
Anil Kumar K S,SKS-2026-00051,8390217169-1@nyes,10000,"01 Aug 2026, 05:36 PM",Digital Marketing & Growth Mastery,DG-402,anil.s508@gmail.com,778176543796,verified,+91 85704 06376
Shivram Tiwari,SKS-2026-00052,8390217169-1@nyes,30000,"01 Aug 2026, 09:34 PM",Full-Stack Web Development & AI Diploma,FS-501,shivram.tiwari223@gmail.com,311572014573,verified,+91 73412 66931
Indira Biswas,SKS-2026-00053,8390217169-1@nyes,1002,"02 Aug 2026, 01:59 AM",Typing Mastery,TM-104,indira.biswas446@gmail.com,621401248995,verified,+91 67316 91672
Karnam Tirupathi,SKS-2026-00054,8390217169-1@nyes,5000,"02 Aug 2026, 12:09 PM",Python for Data Analytics & Automation,PA-303,karnam.tirupathi335@gmail.com,621440065656,verified,+91 71077 21109
Nitin Navinbhai Katariya,SKS-2026-00055,8390217169-1@nyes,4120,"02 Aug 2026, 12:10 PM",Advanced Excel,AE-301,nitin.katariya824@gmail.com,853866179114,verified,+91 63458 24373
Vishal Kumar,SKS-2026-00056,8390217169-1@nyes,800,"02 Aug 2026, 12:10 PM",Typing Mastery,TM-104,vishal.kumar132@gmail.com,733177928822,verified,+91 81760 82500
Jay Rameshbhai Barot,SKS-2026-00057,8390217169-1@nyes,2000,"02 Aug 2026, 12:11 PM",Data Entry Basics,DE-110,jay.barot343@gmail.com,658086327695,verified,+91 88183 09417
Ajay Kumar,SKS-2026-00058,8390217169-1@nyes,2000,"02 Aug 2026, 12:12 PM",Canva Designing,CD-109,ajay.kumar319@gmail.com,003772048549,verified,+91 78766 93898
Deepak Jena,SKS-2026-00059,8390217169-1@nyes,2200,"02 Aug 2026, 12:17 PM",Data Entry Basics,DE-110,deepak.jena690@gmail.com,495132156223,verified,+91 93609 16298
Shikhar Chourasia,SKS-2026-00060,8390217169-1@nyes,3386,"03 Aug 2026, 12:15 AM",Computer Accounting Basics,CA-204,shikhar.chourasia926@gmail.com,212273385162,verified,+91 93044 51095
Aayushi Shukla,SKS-2026-00061,8390217169-1@nyes,500,"03 Aug 2026, 10:05 AM",Typing Mastery,TM-104,aayushi.shukla199@gmail.com,225722239628,verified,+91 94804 24119
Pratiksha Suhas Bhalkar,SKS-2026-00062,8390217169-1@nyes,3500,"03 Aug 2026, 10:51 AM",Tally Basics,TB-203,pratiksha.bhalkar520@gmail.com,621531624159,verified,+91 98828 39238
Vaibhav Baghel,SKS-2026-00063,8390217169-1@nyes,3000,"03 Aug 2026, 10:53 AM",Computer Accounting Basics,CA-204,vaibhav.baghel789@gmail.com,311663499208,verified,+91 61650 82363
Kapil,SKS-2026-00064,8390217169-1@nyes,1600,"03 Aug 2026, 11:15 AM",Internet & Email Basics,IE-103,kapil845@gmail.com,127294082085,verified,+91 89596 29660
Shirish Ramchandra Chaudhari,SKS-2026-00065,8390217169-1@nyes,1000,"03 Aug 2026, 11:23 AM",Typing Mastery,TM-104,shirish.chaudhari354@gmail.com,789267310386,verified,+91 73042 35259
Aditya Hanmamt Jadhav,SKS-2026-00066,8390217169-1@nyes,1000,"03 Aug 2026, 11:28 AM",Typing Mastery,TM-104,aditya.jadhav243@gmail.com,621592863124,verified,+91 92970 18781
Gundu Pradeep,SKS-2026-00067,8390217169-1@nyes,4800,"03 Aug 2026, 02:51 PM",Graphic Designing Basics,GD-202,gundu.pradeep573@gmail.com,003796914422,verified,+91 71809 43908
Bibin Mohanan,SKS-2026-00068,8390217169-1@nyes,2000,"03 Aug 2026, 02:51 PM",Canva Designing,CD-109,bibin.mohanan927@gmail.com,127306219371,verified,+91 61543 18806
Pushpa,SKS-2026-00069,8390217169-1@nyes,2500,"03 Aug 2026, 02:52 PM",Basic Computer Course,BCC-102,pushpa195@gmail.com,611500726521,verified,+91 72785 75192
Mohan Lal,SKS-2026-00070,8390217169-1@nyes,4000,"03 Aug 2026, 03:16 PM",Graphic Designing Basics,GD-202,mohan.lal597@gmail.com,656793730507,verified,+91 93295 09408
Nikhil Kumar Lalwani,SKS-2026-00071,8390217169-1@nyes,4200,"03 Aug 2026, 03:20 PM",Graphic Designing Basics,GD-202,nikhil.lalwani160@gmail.com,881748052001,verified,+91 75069 19288
Vivek Rameshbhai Gajjar,SKS-2026-00072,8390217169-1@nyes,4000,"03 Aug 2026, 04:59 PM",Advanced Excel,AE-301,vivek.gajjar499@gmail.com,212316879655,verified,+91 89418 89393
Sambhaji Gopal Shivtare,SKS-2026-00073,8390217169-1@nyes,8000,"03 Aug 2026, 06:21 PM",MS Office Complete Course,MO-401,sambhaji.shivtare392@gmail.com,658104937756,verified,+91 98479 59430
Sunil Kumar Khatik,SKS-2026-00074,8390217169-1@nyes,1800,"03 Aug 2026, 06:22 PM",Internet & Email Basics,IE-103,sunil.khatik258@gmail.com,658139169292,verified,+91 74185 87604
Vinod Gupta,SKS-2026-00075,8390217169-1@nyes,20000,"03 Aug 2026, 06:23 PM",Full-Stack Web Development & AI Diploma,FS-501,vinod.gupta159@gmail.com,910731612084,verified,+91 69031 32646
Akash,SKS-2026-00076,8390217169-1@nyes,3500,"03 Aug 2026, 06:25 PM",Tally Basics,TB-203,akash158@gmail.com,777668417062,verified,+91 67272 55918
Kusuma Gnaneshwer,SKS-2026-00077,8390217169-1@nyes,2000,"03 Aug 2026, 06:52 PM",Canva Designing,CD-109,kusuma.gnaneshwer614@gmail.com,721890450429,verified,+91 71610 73976
Parbin Aktar,SKS-2026-00078,8390217169-1@nyes,4000,"03 Aug 2026, 06:57 PM",Digital Marketing Basics,DM-205,parbin.aktar182@gmail.com,621526280652,verified,+91 71735 74218
Govinda,SKS-2026-00079,8390217169-1@nyes,5000,"03 Aug 2026, 11:52 PM",Python for Data Analytics & Automation,PA-303,govinda169@gmail.com,643120824976,verified,+91 75335 50699
Ripon Nag,SKS-2026-00080,8390217169-1@nyes,1000,"04 Aug 2026, 12:31 AM",Typing Mastery,TM-104,ripon.nag683@gmail.com,212352922471,verified,+91 77216 09600
Zafar Khan,SKS-2026-00081,8390217169-1@nyes,2000,"04 Aug 2026, 03:59 AM",Data Entry Basics,DE-110,zafar.khan140@gmail.com,598658613079,verified,+91 65501 39320
Atish Aslam,SKS-2026-00082,8390217169-1@nyes,1000,"04 Aug 2026, 04:00 AM",Typing Mastery,TM-104,atish.aslam367@gmail.com,876909137339,verified,+91 78191 12790
Velicheti Seshagiri Rao,SKS-2026-00083,8390217169-1@nyes,5000,"04 Aug 2026, 04:00 AM",Python for Data Analytics & Automation,PA-303,velicheti.rao421@gmail.com,611535498084,verified,+91 73852 01412
Prasad,SKS-2026-00084,8390217169-1@nyes,3500,"04 Aug 2026, 04:11 AM",Tally Basics,TB-203,prasad234@gmail.com,602109488153,verified,+91 85909 41149
Robina Khatoon,SKS-2026-00085,8390217169-1@nyes,2000,"04 Aug 2026, 04:11 AM",Microsoft PowerPoint,MP-107,robina.khatoon869@gmail.com,618259114828,verified,+91 61100 02396
Shanmukha Rao Nalla,SKS-2026-00086,8390217169-1@nyes,10000,"04 Aug 2026, 04:15 AM",Digital Marketing & Growth Mastery,DG-402,shanmukha.nalla736@gmail.com,658282117375,verified,+91 61786 63096
S K,SKS-2026-00087,8390217169-1@nyes,10000,"04 Aug 2026, 04:20 AM",Digital Marketing & Growth Mastery,DG-402,s.k618@gmail.com,100585318622,verified,+91 82422 24154
Prakash Iyer,SKS-2026-00088,8390217169-1@nyes,300,"04 Aug 2026, 07:15 AM",Typing Mastery,TM-104,prakash.iyer170@gmail.com,143497493769,verified,+91 74967 76692
Ramesh Gupta,SKS-2026-00089,8390217169-1@nyes,2500,"04 Aug 2026, 07:17 AM",Microsoft Excel,ME-106,ramesh.gupta548@gmail.com,896302688663,verified,+91 87567 83995
Gogada Damodhar,SKS-2026-00090,8390217169-1@nyes,30000,"04 Aug 2026, 08:20 AM",Full-Stack Web Development & AI Diploma,FS-501,gogada.damodhar783@gmail.com,311722691098,verified,+91 88123 08209
Gogada Damodhar,SKS-2026-00091,8390217169-1@nyes,1,"04 Aug 2026, 08:20 AM",Typing Mastery,TM-104,gogada.damodhar999@gmail.com,311722678948,verified,+91 73839 68123
Thota Raghu,SKS-2026-00092,8390217169-1@nyes,10000,"04 Aug 2026, 08:29 AM",Digital Marketing & Growth Mastery,DG-402,thota.raghu209@gmail.com,311723091507,verified,+91 73924 31670
Veluru Anirudh,SKS-2026-00093,8390217169-1@nyes,1500,"04 Aug 2026, 08:31 AM",Internet & Email Basics,IE-103,veluru.anirudh719@gmail.com,028699793061,verified,+91 78705 30217
Veluru Anirudh,SKS-2026-00094,8390217169-1@nyes,5000,"04 Aug 2026, 08:32 AM",Python Basics,PY-201,veluru.anirudh308@gmail.com,254278100028,verified,+91 86426 78844
Mohammad Yaseen,SKS-2026-00095,8390217169-1@nyes,3015,"04 Aug 2026, 08:40 AM",Computer Accounting Basics,CA-204,mohammad.yaseen357@gmail.com,474989260795,verified,+91 61991 04722
Savitri Ravi Nishad,SKS-2026-00096,8390217169-1@nyes,1575,"04 Aug 2026, 08:45 AM",Internet & Email Basics,IE-103,savitri.nishad949@gmail.com,212360246970,verified,+91 81473 37803
Rohit Verma,SKS-2026-00097,8390217169-1@nyes,1800,"04 Aug 2026, 08:47 AM",Internet & Email Basics,IE-103,rohit.verma889@gmail.com,228471720401,verified,+91 77840 95277
Syed Ismail,SKS-2026-00098,8390217169-1@nyes,2499,"04 Aug 2026, 08:47 AM",Google Workspace,GW-108,syed.ismail265@gmail.com,621687810577,verified,+91 96923 62342
Suresh S,SKS-2026-00099,8390217169-1@nyes,4500,"04 Aug 2026, 07:08 PM",Digital Marketing Basics,DM-205,suresh.s537@gmail.com,658266575703,verified,+91 62201 23666
Roy Pathik,SKS-2026-00100,8390217169-1@nyes,2700,"04 Aug 2026, 07:22 PM",Basic Computer Course,BCC-102,roy.pathik807@gmail.com,658286374452,verified,+91 76858 23118
Aniket Chandrakant Dike,SKS-2026-00101,8390217169-1@nyes,1000,"04 Aug 2026, 09:53 PM",Typing Mastery,TM-104,aniket.dike954@gmail.com,922367554659,verified,+91 87254 64884
Neeraj Kumar,SKS-2026-00102,8390217169-1@nyes,99.9,"04 Aug 2026, 10:18 PM",Typing Mastery,TM-104,neeraj.kumar540@gmail.com,621617616267,verified,+91 71449 13399
Suraj Kumar,SKS-2026-00103,8390217169-1@nyes,99.1,"04 Aug 2026, 10:20 PM",Typing Mastery,TM-104,suraj.kumar473@gmail.com,311781554602,verified,+91 64841 94737
Dilip Singh,SKS-2026-00104,8390217169-1@nyes,99.3,"04 Aug 2026, 10:23 PM",Typing Mastery,TM-104,dilip.singh798@gmail.com,311781678756,verified,+91 78161 14302
Amit Singh,SKS-2026-00105,8390217169-1@nyes,99.7,"04 Aug 2026, 10:25 PM",Typing Mastery,TM-104,amit.singh898@gmail.com,313853017780,verified,+91 97664 30218
V Vimalraj,SKS-2026-00106,8390217169-1@nyes,199.2,"04 Aug 2026, 10:28 PM",Typing Mastery,TM-104,v.vimalraj342@gmail.com,311781939622,verified,+91 79588 72154
Puneet Singh,SKS-2026-00107,8390217169-1@nyes,12000,"05 Aug 2026, 12:56 AM",Digital Marketing & Growth Mastery,DG-402,puneet.singh522@gmail.com,392477208132,verified,+91 62925 87044
Randeep Singh,SKS-2026-00108,8390217169-1@nyes,8000,"05 Aug 2026, 01:04 AM",MS Office Complete Course,MO-401,randeep.singh901@gmail.com,611593595378,verified,+91 99613 93416
Randeep Singh,SKS-2026-00109,8390217169-1@nyes,8500,"05 Aug 2026, 01:05 AM",MS Office Complete Course,MO-401,randeep.singh373@gmail.com,311784958654,verified,+91 79454 36943
Aab Alam,SKS-2026-00110,8390217169-1@nyes,1800,"05 Aug 2026, 02:58 AM",Internet & Email Basics,IE-103,aab.alam491@gmail.com,847285043398,verified,+91 66053 99561
Sahbaz Ahamd,SKS-2026-00111,8390217169-1@nyes,20000,"05 Aug 2026, 04:17 AM",Full-Stack Web Development & AI Diploma,FS-501,sahbaz.ahamd304@gmail.com,352558943347,verified,+91 94754 42872
Bolishetty Raju,SKS-2026-00112,8390217169-1@nyes,2000,"05 Aug 2026, 06:50 AM",Microsoft PowerPoint,MP-107,bolishetty.raju940@gmail.com,874254253904,verified,+91 73393 62341
Mahendar Singh,SKS-2026-00113,8390217169-1@nyes,2000,"05 Aug 2026, 07:18 AM",Computer Fundamentals,CF-101,mahendar.singh775@gmail.com,493866243527,verified,+91 75278 49588
Botcha Sarojini,SKS-2026-00114,8390217169-1@nyes,5000,"05 Aug 2026, 09:13 AM",Python Basics,PY-201,botcha.sarojini385@gmail.com,863234766739,verified,+91 69303 53157
Sathishkumar Ramanujam,SKS-2026-00115,8390217169-1@nyes,3000,"05 Aug 2026, 09:13 AM",Computer Accounting Basics,CA-204,sathishkumar.ramanujam459@gmail.com,621745239131,verified,+91 98296 27019
Dheeraj Kumar Sharma,SKS-2026-00116,8390217169-1@nyes,25000,"05 Aug 2026, 09:22 AM",Full-Stack Web Development & AI Diploma,FS-501,dheeraj.sharma128@gmail.com,127395829633,verified,+91 63804 77683
Shubham Sharma,SKS-2026-00117,8390217169-1@nyes,4000,"05 Aug 2026, 09:27 AM",Advanced Excel,AE-301,shubham.sharma694@gmail.com,100668146039,verified,+91 81410 78352
Amit Singh,SKS-2026-00118,8390217169-1@nyes,15000,"05 Aug 2026, 09:30 AM",Digital Marketing & Growth Mastery,DG-402,amit.singh453@gmail.com,566868623003,verified,+91 85685 74364
Hutshan Jesu,SKS-2026-00119,8390217169-1@nyes,3000,"05 Aug 2026, 09:30 AM",Computer Accounting Basics,CA-204,hutshan.jesu494@gmail.com,621719434730,verified,+91 73735 06211
Patel Dhyan Kalpeshbhai,SKS-2026-00120,8390217169-1@nyes,3500,"05 Aug 2026, 10:46 AM",HTML & CSS Basics,HC-201,patel.kalpeshbhai825@gmail.com,127399829233,verified,+91 91018 15992
Ravindrakumar,SKS-2026-00121,8390217169-1@nyes,10000,"05 Aug 2026, 11:20 AM",Digital Marketing & Growth Mastery,DG-402,ravindrakumar472@gmail.com,260125006055,verified,+91 91751 33802
Dnyaneshwar Gajanan Theng,SKS-2026-00122,8390217169-1@nyes,4500,"05 Aug 2026, 11:39 AM",Digital Marketing Basics,DM-205,dnyaneshwar.theng438@gmail.com,311800079729,verified,+91 88123 06873
Sanjay Rao,SKS-2026-00123,8390217169-1@nyes,2000,"05 Aug 2026, 11:40 AM",Computer Fundamentals,CF-101,sanjay.rao837@gmail.com,576816355129,verified,+91 86445 18647